File,Stato,Totale feature,Feature invalide
A016_ACCEGLIO_ple.gml,Valido,10988,0
A052_ACQUI TERME_ple.gml,Valido,14248,0
A072_AGLIANO_ple.gml,Valido,6758,0
A074_AGLIE`_ple.gml,Valido,9131,0
A088_AGRATE CONTURBIA_ple.gml,Valido,5731,0
A107_AILOCHE_ple.gml,Valido,4676,0
A109_AIRASCA_ple.gml,Valido,4549,0
A113_AISONE_ple.gml,Valido,7308,0
A117_ALA DI STURA_ple.gml,Valido,8042,0
A119_ALAGNA VALSESIA_ple.gml,Valido,20452,0
A124_ALBA_ple.gml,Valido,23824,0
A130_ALBANO VERCELLESE_ple.gml,Valido,1644,0
A139_ALBARETTO DELLA TORRE_ple.gml,Valido,1685,0
A146_ALBERA LIGURE_ple.gml,Valido,12398,0
A157_ALBIANO D`IVREA_ple.gml,Valido,8147,0
A173_ALBUGNANO_ple.gml,Valido,5006,0
A182_ALESSANDRIA_ple.gml,Valido,59177,0
A189_ALFIANO NATTA_ple.gml,Valido,5433,0
A197_ALICE BEL COLLE_ple.gml,Valido,4460,0
A198_ALICE CASTELLO_ple.gml,Valido,11460,0
A218_ALMESE_ple.gml,Valido,13214,0
A221_ALPETTE_ple.gml,Valido,6476,0
A222_ALPIGNANO_ple.gml,Valido,7584,0
A227_ALTAVILLA MONFERRATO_ple.gml,Valido,3966,0
A238_ALTO_ple.gml,Valido,5226,0
A245_ALZANO SCRIVIA_ple.gml,Valido,720,0
A264_AMENO_ple.gml,Valido,4451,0
A275_ANDEZENO_ple.gml,Valido,3890,0
A280_ANDORNO MICCA_ple.gml,Valido,6402,0
A282_ANDRATE_ple.gml,Valido,3881,0
A295_ANGROGNA_ple.gml,Valido,11475,0
A300_CASTELLO DI ANNONE_ple.gml,Valido,10611,0
A312_ANTIGNANO_ple.gml,Valido,5949,0
A317_ANTRONA SCHIERANCO_ple.gml,Valido,10205,0
A325_ANZOLA D OSSOLA_ple.gml,Valido,3582,0
A352_ARAMENGO_ple.gml,Valido,6828,0
A358_ARBORIO_ple.gml,Valido,5660,0
A394_ARGENTERA_ple.gml,Valido,6105,0
A396_ARGUELLO_ple.gml,Valido,1975,0
A405_ARIGNANO_ple.gml,Contiene geometrie invalide,3719,1
A409_ARIZZANO_ple.gml,Valido,3780,0
A414_ARMENO_ple.gml,Valido,13985,0
A427_AROLA_ple.gml,Valido,3961,0
A429_ARONA_ple.gml,Valido,10701,0
A436_ARQUATA SCRIVIA_ple.gml,Valido,14318,0
A466_ASIGLIANO VERCELLESE_ple.gml,Valido,4985,0
A479_ASTI_ple.gml,Valido,67203,0
A497_AURANO_ple.gml,Valido,14977,0
A518_AVIGLIANA_ple.gml,Valido,16271,0
A523_AVOLASCA_ple.gml,Valido,4939,0
A525_AZEGLIO_ple.gml,Valido,7232,0
A527_AZZANO_ple.gml,Valido,2783,0
A534_BACENO_ple.gml,Valido,15023,0
A555_BAGNASCO_ple.gml,Valido,6878,0
A571_BAGNOLO PIEMONTE_ple.gml,Valido,24461,0
A584_BAIRO_ple.gml,Valido,4901,0
A587_BALANGERO_ple.gml,Valido,10420,0
A588_BALDICHIERI D`ASTI_ple.gml,Valido,3011,0
A589_BALDISSERO D`ALBA_ple.gml,Valido,7119,0
A590_BALDISSERO CANAVESE_ple.gml,Valido,3898,0
A591_BALDISSERO TORINESE_ple.gml,Valido,7973,0
A599_BALME_ple.gml,Valido,6254,0
A600_BALMUCCIA_ple.gml,Valido,3111,0
A601_BALOCCO_ple.gml,Valido,1773,0
A605_BALZOLA_ple.gml,Valido,5261,0
A607_BANCHETTE_ple.gml,Valido,2476,0
A610_BANNIO ANZINO_ple.gml,Valido,13861,0
A625_BARBANIA_ple.gml,Valido,10552,0
A629_BARBARESCO_ple.gml,Valido,3218,0
A651_BARDONECCHIA_ple.gml,Valido,33314,0
A653_BARENGO_ple.gml,Valido,6571,0
A660_BARGE_ple.gml,Valido,29346,0
A671_BAROLO_ple.gml,Valido,2557,0
A673_BARONE CANAVESE_ple.gml,Valido,3483,0
A689_BASALUZZO_ple.gml,Valido,5281,0
A708_BASSIGNANA_ple.gml,Valido,6861,0
A709_BASTIA MONDOVI_ple.gml,Valido,5274,0
A716_BATTIFOLLO_ple.gml,Valido,4032,0
A725_BAVENO_ple.gml,Valido,6277,0
A733_BEE_ple.gml,Valido,4311,0
A734_BEINASCO_ple.gml,Valido,4380,0
A735_BEINETTE_ple.gml,Valido,6079,0
A738_BELFORTE MONFERRATO_ple.gml,Valido,2396,0
A742_BELGIRATE_ple.gml,Valido,1936,0
A750_BELLINO_ple.gml,Valido,7582,0
A752_BELLINZAGO NOVARESE_ple.gml,Valido,20506,0
A770_BELVEGLIO_ple.gml,Valido,2840,0
A774_BELVEDERE LANGHE_ple.gml,Valido,2212,0
A779_BENE VAGIENNA_ple.gml,Valido,16694,0
A782_BENEVELLO_ple.gml,Valido,2764,0
A784_BENNA_ple.gml,Valido,4033,0
A793_BERGAMASCO_ple.gml,Valido,6118,0
A798_BERGOLO_ple.gml,Valido,1152,0
A805_BERNEZZO_ple.gml,Valido,11499,0
A812_BERZANO DI SAN PIETRO_ple.gml,Valido,3975,0
A813_BERZANO DI TORTONA_ple.gml,Valido,1163,0
A834_BEURA CARDEZZA_ple.gml,Valido,8881,0
A844_BIANDRATE_ple.gml,Valido,2915,0
A847_BIANZE_ple.gml,Valido,4816,0
A853_BIBIANA_ple.gml,Valido,8802,0
A859_BIELLA_ple.gml,Valido,24339,0
A876_BIOGLIO_ple.gml,Valido,8967,0
A889_BISTAGNO_ple.gml,Valido,7672,0
A910_BOBBIO PELLICE_ple.gml,Valido,11568,0
A911_BOCA_ple.gml,Valido,7398,0
A914_BOCCIOLETO_ple.gml,Valido,6603,0
A925_BOGNANCO_ple.gml,Valido,24692,0
A929_BOGOGNO_ple.gml,Valido,7458,0
A941_BOLLENGO_ple.gml,Valido,10886,0
A953_BOLZANO NOVARESE_ple.gml,Valido,2282,0
A979_BONVICINO_ple.gml,Valido,2703,0
A990_BORGARO TORINESE_ple.gml,Valido,4726,0
A998_BORGHETTO DI BORBERA_ple.gml,Valido,19503,0
B003_BORGIALLO_ple.gml,Valido,6353,0
B009_BORGO D`ALE_ple.gml,Valido,17735,0
B015_BORGOFRANCO D`IVREA_ple.gml,Valido,12061,0
B016_BORGOLAVEZZARO_ple.gml,Valido,4447,0
B018_BORGOMALE_ple.gml,Valido,2978,0
B019_BORGOMANERO_ple.gml,Valido,28727,0
B021_BORGOMASINO_ple.gml,Valido,7646,0
B024_BORGONE SUSA_ple.gml,Valido,5026,0
B029_BORGORATTO ALESSANDRINO_ple.gml,Valido,2285,0
B033_BORGO SAN DALMAZZO_ple.gml,Valido,15900,0
B037_BORGO SAN MARTINO_ple.gml,Valido,3200,0
B041_BORGOSESIA_ple.gml,Valido,26843,0
B043_BORGO TICINO_ple.gml,Valido,11348,0
B046_BORGO VERCELLI_ple.gml,Valido,4751,0
B058_BORRIANA_ple.gml,Contiene geometrie invalide,2257,1
B071_BOSCO MARENGO_ple.gml,Valido,7829,0
B075_BOSCONERO_ple.gml,Valido,6049,0
B079_BOSIA_ple.gml,Valido,2591,0
B080_BOSIO_ple.gml,Valido,10032,0
B084_BOSSOLASCO_ple.gml,Valido,5468,0
B101_BOVES_ple.gml,Valido,22736,0
B109_BOZZOLE_ple.gml,Valido,1268,0
B111_BRA_ple.gml,Valido,20894,0
B121_BRANDIZZO_ple.gml,Valido,5288,0
B167_BRIAGLIA_ple.gml,Valido,2693,0
B171_BRICHERASIO_ple.gml,Valido,11366,0
B175_BRIGA ALTA_ple.gml,Valido,6002,0
B176_BRIGA NOVARESE_ple.gml,Valido,5110,0
B179_BRIGNANO-FRASCATA_ple.gml,Valido,5944,0
B183_BRIONA_ple.gml,Valido,6196,0
B200_BRONDELLO_ple.gml,Valido,5764,0
B204_BROSSASCO_ple.gml,Valido,11603,0
B205_BROSSO_ple.gml,Valido,4768,0
B207_BROVELLO CARPUGNINO_ple.gml,Valido,6261,0
B209_BROZOLO_ple.gml,Valido,4049,0
B216_BRUINO_ple.gml,Valido,4498,0
B221_BRUNO_ple.gml,Valido,3488,0
B225_BRUSASCO_ple.gml,Valido,5871,0
B229_BRUSNENGO_ple.gml,Valido,7804,0
B232_BRUZOLO_ple.gml,Valido,8258,0
B236_BUBBIO_ple.gml,Valido,5123,0
B278_BURIASCO_ple.gml,Valido,2965,0
B279_BUROLO_ple.gml,Valido,5163,0
B280_BURONZO_ple.gml,Contiene geometrie invalide,2663,1
B284_BUSANO_ple.gml,Valido,4293,0
B285_BUSCA_ple.gml,Contiene geometrie invalide,21826,2
B297_BUSSOLENO_ple.gml,Valido,19967,0
B305_BUTTIGLIERA ALTA_ple.gml,Valido,6581,0
B306_BUTTIGLIERA D`ASTI_ple.gml,Valido,8484,0
B311_CABELLA LIGURE_ple.gml,Valido,26449,0
B350_CAFASSE_ple.gml,Valido,7519,0
B376_CALAMANDRANA_ple.gml,Valido,6045,0
B380_CALASCA CASTIGLIONE_ple.gml,Valido,34621,0
B417_CALLABIANA_ple.gml,Valido,3782,0
B418_CALLIANO MONFERRATO_ple.gml,Valido,8006,0
B425_CALOSSO_ple.gml,Contiene geometrie invalide,6604,2
B431_CALTIGNAGA_ple.gml,Contiene geometrie invalide,3714,1
B435_CALUSO_ple.gml,Valido,20055,0
B453_CAMAGNA MONFERRATO_ple.gml,Valido,3693,0
B457_CAMANDONA_ple.gml,Valido,3473,0
B462_CAMBIANO_ple.gml,Valido,7402,0
B463_CAMBIASCA_ple.gml,Valido,4273,0
B465_CAMBURZANO_ple.gml,Valido,3548,0
B467_CAMERANA_ple.gml,Valido,11631,0
B469_CAMERANO CASASCO_ple.gml,Valido,3697,0
B473_CAMERI_ple.gml,Valido,14363,0
B482_CAMINO_ple.gml,Contiene geometrie invalide,6713,1
B505_CAMPERTOGNO_ple.gml,Valido,4897,0
B510_VALPRATO SOANA_ple.gml,Valido,7262,0
B512_CAMPIGLIONE FENILE_ple.gml,Valido,3356,0
B573_CANALE_ple.gml,Valido,11976,0
B586_CANDELO_ple.gml,Valido,10418,0
B588_CANDIA CANAVESE_ple.gml,Valido,6271,0
B592_CANDIOLO_ple.gml,Valido,2531,0
B594_CANELLI_ple.gml,Valido,12511,0
B605_CANISCHIO_ple.gml,Valido,8322,0
B610_CANNERO RIVIERA_ple.gml,Valido,6712,0
B615_CANNOBIO_ple.gml,Valido,23851,0
B621_CANOSIO_ple.gml,Valido,2335,0
B628_CANTALUPA_ple.gml,Valido,7171,0
B629_CANTALUPO LIGURE_ple.gml,Valido,11504,0
B633_CANTARANA_ple.gml,Valido,4592,0
B637_CANTOIRA_ple.gml,Valido,9648,0
B692_CAPRAUNA_ple.gml,Valido,6519,0
B694_CAPREZZO_ple.gml,Valido,4957,0
B701_CAPRIATA D`ORBA_ple.gml,Valido,10372,0
B705_CAPRIE_ple.gml,Valido,10854,0
B707_CAPRIGLIO_ple.gml,Valido,2893,0
B708_CAPRILE_ple.gml,Valido,4328,0
B719_CARAGLIO_ple.gml,Valido,12978,0
B720_CARAMAGNA PIEMONTE_ple.gml,Valido,8357,0
B733_CARAVINO_ple.gml,Valido,10792,0
B736_CARBONARA SCRIVIA_ple.gml,Valido,2018,0
B752_CARCOFORO_ple.gml,Contiene geometrie invalide,2235,1
B755_CARDE_ple.gml,Valido,3244,0
B762_CAREMA_ple.gml,Valido,8319,0
B765_CARENTINO_ple.gml,Valido,2416,0
B767_CARESANA_ple.gml,Valido,4880,0
B768_CARESANABLOT_ple.gml,Valido,1336,0
B769_CAREZZANO_ple.gml,Valido,4125,0
B777_CARIGNANO_ple.gml,Valido,13631,0
B782_CARISIO_ple.gml,Contiene geometrie invalide,3797,1
B791_CARMAGNOLA_ple.gml,Valido,24281,0
B818_CARPENETO_ple.gml,Valido,4804,0
B823_CARPIGNANO SESIA_ple.gml,Contiene geometrie invalide,7180,1
B836_CARREGA LIGURE_ple.gml,Valido,34427,0
B840_CARROSIO_ple.gml,Valido,2592,0
B841_CARRU_ple.gml,Valido,13056,0
B845_CARTIGNANO_ple.gml,Valido,3122,0
B847_CARTOSIO_ple.gml,Valido,5587,0
B864_CASALBELTRAME_ple.gml,Valido,1644,0
B867_CASALBORGONE_ple.gml,Valido,9516,0
B870_CASAL CERMELLI_ple.gml,Valido,3002,0
B876_CASALE CORTE CERRO_ple.gml,Valido,7350,0
B882_CASALEGGIO BOIRO_ple.gml,Valido,1839,0
B883_CASALEGGIO NOVARA_ple.gml,Valido,1613,0
B885_CASALE MONFERRATO_ple.gml,Valido,23623,0
B894_CASALGRASSO_ple.gml,Valido,5290,0
B897_CASALINO_ple.gml,Valido,3520,0
B902_CASALNOCETO_ple.gml,Valido,3047,0
B920_CASALVOLONE_ple.gml,Valido,3338,0
B928_CASANOVA ELVO_ple.gml,Valido,736,0
B933_CASAPINTA_ple.gml,Valido,4458,0
B941_CASASCO_ple.gml,Valido,3490,0
B952_SAN GIACOMO VERCELLESE_ple.gml,Valido,2210,0
B953_CASCINETTE D`IVREA_ple.gml,Valido,2693,0
B955_CASELETTE_ple.gml,Valido,4561,0
B960_CASELLE TORINESE_ple.gml,Valido,8585,0
B991_CASORZO MONFERRATO_ple.gml,Valido,4938,0
C022_CASSINASCO_ple.gml,Valido,4457,0
C027_CASSINE_ple.gml,Valido,12798,0
C030_CASSINELLE_ple.gml,Valido,7731,0
C045_CASTAGNETO PO_ple.gml,Valido,5768,0
C046_CASTAGNITO_ple.gml,Valido,4625,0
C047_CASTAGNOLE MONFERRATO_ple.gml,Contiene geometrie invalide,9336,1
C048_CASTAGNOLE PIEMONTE_ple.gml,Valido,3805,0
C049_CASTAGNOLE LANZE_ple.gml,Contiene geometrie invalide,11421,1
C064_CASTEL BOGLIONE_ple.gml,Valido,3781,0
C081_CASTELDELFINO_ple.gml,Valido,7447,0
C127_CASTELL ALFERO_ple.gml,Valido,9335,0
C133_CASTELLAMONTE_ple.gml,Valido,38093,0
C137_CASTELLANIA_ple.gml,Valido,2461,0
C142_CASTELLAR GUIDOBONO_ple.gml,Valido,864,0
C148_CASTELLAZZO BORMIDA_ple.gml,Valido,12368,0
C149_CASTELLAZZO NOVARESE_ple.gml,Valido,1240,0
C154_CASTELLERO_ple.gml,Valido,2187,0
C155_CASTELLETTO CERVO_ple.gml,Valido,6360,0
C156_CASTELLETTO D`ERRO_ple.gml,Valido,1773,0
C158_CASTELLETTO D`ORBA_ple.gml,Valido,9321,0
C160_CASTELLETTO MERLI_ple.gml,Valido,4254,0
C161_CASTELLETTO MOLINA_ple.gml,Valido,1306,0
C162_CASTELLETTO MONFERRATO_ple.gml,Valido,3491,0
C165_CASTELLETTO STURA_ple.gml,Valido,3700,0
C166_CASTELLETTO TICINO_ple.gml,Contiene geometrie invalide,11658,1
C167_CASTELLETTO UZZONE_ple.gml,Valido,5779,0
C173_CASTELLINALDO_ple.gml,Valido,4842,0
C176_CASTELLINO TANARO_ple.gml,Valido,5396,0
C205_CASTELMAGNO_ple.gml,Valido,8521,0
C214_CASTELNUOVO DI CEVA_ple.gml,Valido,2789,0
C226_CASTELNUOVO BELBO_ple.gml,Valido,4298,0
C229_CASTELNUOVO BORMIDA_ple.gml,Valido,5265,0
C230_CASTELNUOVO CALCEA_ple.gml,Valido,3546,0
C232_CASTELNUOVO DON BOSCO_ple.gml,Valido,12256,0
C241_CASTELNUOVO NIGRA_ple.gml,Valido,14630,0
C243_CASTELNUOVO SCRIVIA_ple.gml,Valido,11939,0
C253_CASTEL ROCCHERO_ple.gml,Valido,2104,0
C274_CASTELSPINA_ple.gml,Valido,2231,0
C307_CASTIGLIONE TORINESE_ple.gml,Valido,8407,0
C314_CASTIGLIONE FALLETTO_ple.gml,Valido,2265,0
C317_CASTIGLIONE TINELLA_ple.gml,Valido,5696,0
C323_CASTINO_ple.gml,Valido,5289,0
C363_CAVAGLIA_ple.gml,Valido,8331,0
C364_CAVAGLIETTO_ple.gml,Valido,3720,0
C365_CAVAGLIO D`AGOGNA_ple.gml,Valido,9786,0
C369_CAVAGNOLO_ple.gml,Valido,6943,0
C375_CAVALLERLEONE_ple.gml,Valido,2564,0
C376_CAVALLERMAGGIORE_ple.gml,Valido,10101,0
C378_CAVALLIRIO_ple.gml,Valido,6666,0
C387_CAVATORE_ple.gml,Valido,2800,0
C404_CAVOUR_ple.gml,Valido,15456,0
C432_CELLA MONTE_ple.gml,Valido,1904,0
C438_CELLARENGO_ple.gml,Valido,3366,0
C440_CELLE ENOMONDO_ple.gml,Valido,3318,0
C441_CELLE DI MACRA_ple.gml,Valido,8005,0
C466_CENTALLO_ple.gml,Valido,9101,0
C478_CEPPO MORELLI_ple.gml,Valido,10022,0
C483_CERANO_ple.gml,Valido,10286,0
C487_CERCENASCO_ple.gml,Valido,4946,0
C497_CERES_ple.gml,Valido,16115,0
C503_CERESETO_ple.gml,Valido,3535,0
C504_CERESOLE ALBA_ple.gml,Valido,8950,0
C505_CERESOLE REALE_ple.gml,Valido,3257,0
C507_CERRETO GRUE_ple.gml,Valido,1641,0
C528_CERRETO D`ASTI_ple.gml,Valido,3017,0
C530_CERRETTO LANGHE_ple.gml,Valido,4400,0
C531_CERRINA_ple.gml,Valido,6967,0
C532_CERRIONE_ple.gml,Valido,9046,0
C533_CERRO TANARO_ple.gml,Valido,2371,0
C547_CERVASCA_ple.gml,Valido,9971,0
C548_CERVATTO_ple.gml,Valido,2299,0
C550_CERVERE_ple.gml,Contiene geometrie invalide,5083,1
C564_CESANA TORINESE_ple.gml,Valido,41601,0
C567_CESARA_ple.gml,Valido,4153,0
C583_CESSOLE_ple.gml,Valido,4049,0
C589_CEVA_ple.gml,Valido,14109,0
C599_CHERASCO_ple.gml,Valido,21939,0
C604_CHIALAMBERTO_ple.gml,Valido,9318,0
C610_CHIANOCCO_ple.gml,Valido,15009,0
C624_CHIAVERANO_ple.gml,Valido,13024,0
C627_CHIERI_ple.gml,Valido,20806,0
C629_CHIESANUOVA_ple.gml,Valido,4586,0
C639_CHIOMONTE_ple.gml,Valido,16123,0
C653_CHIUSA DI PESIO_ple.gml,Valido,20061,0
C655_CHIUSA DI SAN MICHELE_ple.gml,Valido,3588,0
C658_CHIUSANO D`ASTI_ple.gml,Valido,1749,0
C665_CHIVASSO_ple.gml,Valido,23647,0
C679_CICONIO_ple.gml,Valido,1870,0
C680_CIGLIANO_ple.gml,Valido,10203,0
C681_CIGLIE_ple.gml,Valido,3161,0
C701_CINAGLIO_ple.gml,Valido,3421,0
C711_CINTANO_ple.gml,Valido,4356,0
C715_CINZANO_ple.gml,Valido,2717,0
C722_CIRIE`_ple.gml,Valido,12766,0
C738_CISSONE_ple.gml,Valido,2508,0
C739_CISTERNA D`ASTI_ple.gml,Valido,8892,0
C757_CIVIASCO_ple.gml,Valido,3337,0
C792_CLAVESANA_ple.gml,Contiene geometrie invalide,6483,1
C793_CLAVIERE_ple.gml,Valido,668,0
C801_COASSOLO TORINESE_ple.gml,Valido,24568,0
C803_COAZZE_ple.gml,Valido,25198,0
C804_COAZZOLO_ple.gml,Valido,1717,0
C807_COCCONATO_ple.gml,Valido,8417,0
C819_COGGIOLA_ple.gml,Contiene geometrie invalide,10709,1
C829_COLAZZA_ple.gml,Valido,2588,0
C860_COLLEGNO_ple.gml,Valido,8844,0
C867_COLLERETTO CASTELNUOVO_ple.gml,Valido,5288,0
C868_COLLERETTO GIACOSA_ple.gml,Valido,3751,0
C884_COLLOBIANO_ple.gml,Valido,572,0
C926_COMIGNAGO_ple.gml,Valido,2894,0
C955_CONDOVE_ple.gml,Valido,40728,0
C962_CONIOLO_ple.gml,Valido,2999,0
C977_CONZANO_ple.gml,Valido,4028,0
D008_CORIO_ple.gml,Valido,33763,0
D022_CORNELIANO D`ALBA_ple.gml,Valido,6322,0
D046_CORSIONE_ple.gml,Valido,2708,0
D050_CORTANDONE_ple.gml,Valido,2239,0
D051_CORTANZE_ple.gml,Valido,2189,0
D052_CORTAZZONE_ple.gml,Valido,6139,0
D062_CORTEMILIA_ple.gml,Valido,8736,0
D072_CORTIGLIONE_ple.gml,Valido,4273,0
D092_COSSANO CANAVESE_ple.gml,Valido,3337,0
D093_COSSANO BELBO_ple.gml,Valido,8341,0
D094_COSSATO_ple.gml,Valido,18025,0
D099_COSSOGNO_ple.gml,Valido,16523,0
D101_COSSOMBRATO_ple.gml,Valido,2936,0
D102_COSTA VESCOVATO_ple.gml,Valido,3015,0
D113_COSTANZANA_ple.gml,Valido,3651,0
D119_COSTIGLIOLE D`ASTI_ple.gml,Contiene geometrie invalide,17591,1
D120_COSTIGLIOLE SALUZZO_ple.gml,Contiene geometrie invalide,5337,1
D132_CRAVAGLIANA_ple.gml,Valido,13053,0
D133_CRAVANZANA_ple.gml,Valido,4226,0
D134_CRAVEGGIA_ple.gml,Valido,8863,0
D149_CREMOLINO_ple.gml,Valido,4986,0
D154_CRESCENTINO_ple.gml,Valido,10769,0
D162_CRESSA_ple.gml,Valido,3715,0
D165_CREVACUORE_ple.gml,Valido,3908,0
D168_CREVOLADOSSOLA_ple.gml,Valido,23009,0
D172_CRISSOLO_ple.gml,Valido,20809,0
D177_CRODO_ple.gml,Valido,24611,0
D187_CROVA_ple.gml,Valido,1200,0
D197_CUCEGLIO_ple.gml,Valido,6464,0
D202_CUMIANA_ple.gml,Valido,27251,0
D205_CUNEO_ple.gml,Valido,36753,0
D207_CUNICO_ple.gml,Contiene geometrie invalide,3414,1
D208_CUORGNE`_ple.gml,Valido,22976,0
D216_CUREGGIO_ple.gml,Valido,6909,0
D219_CURINO_ple.gml,Valido,28663,0
D271_DEMONTE_ple.gml,Valido,28353,0
D272_DENICE_ple.gml,Valido,2135,0
D277_DERNICE_ple.gml,Valido,6672,0
D281_DESANA_ple.gml,Valido,3324,0
D291_DIANO D`ALBA_ple.gml,Valido,9871,0
D309_DIVIGNANO_ple.gml,Valido,2874,0
D314_DOGLIANI_ple.gml,Valido,15066,0
D332_DOMODOSSOLA_ple.gml,Contiene geometrie invalide,30913,5
D339_DONATO_ple.gml,Valido,4853,0
D347_DORMELLETTO_ple.gml,Valido,3194,0
D350_DORZANO_ple.gml,Valido,2356,0
D372_DRONERO_ple.gml,Valido,22306,0
D373_DRUENTO_ple.gml,Valido,6872,0
D374_DRUOGNO_ple.gml,Valido,14999,0
D388_DUSINO SAN MICHELE_ple.gml,Valido,4690,0
D401_ELVA_ple.gml,Valido,6073,0
D410_ENTRACQUE_ple.gml,Valido,10267,0
D412_ENVIE_ple.gml,Valido,7332,0
D433_EXILLES_ple.gml,Valido,19405,0
D447_FABBRICA CURONE_ple.gml,Valido,33224,0
D492_FARA NOVARESE_ple.gml,Contiene geometrie invalide,7474,1
D499_FARIGLIANO_ple.gml,Valido,9478,0
D511_FAULE_ple.gml,Valido,1642,0
D520_FAVRIA_ple.gml,Valido,6699,0
D523_FEISOGLIO_ple.gml,Valido,3496,0
D524_FELETTO_ple.gml,Valido,5157,0
D528_FELIZZANO_ple.gml,Contiene geometrie invalide,8877,2
D532_FENESTRELLE_ple.gml,Valido,16423,0
D553_MONCENISIO_ple.gml,Valido,1475,0
D554_FERRERE_ple.gml,Valido,7375,0
D559_FRACONALTO_ple.gml,Valido,3894,0
D562_FIANO_ple.gml,Valido,7855,0
D608_FIORANO CANAVESE_ple.gml,Valido,5839,0
D641_FOBELLO_ple.gml,Valido,7457,0
D646_FOGLIZZO_ple.gml,Valido,7694,0
D675_FONTANETO D`AGOGNA_ple.gml,Contiene geometrie invalide,14726,1
D676_FONTANETTO PO_ple.gml,Valido,6548,0
D678_FONTANILE_ple.gml,Valido,2797,0
D706_FORMAZZA_ple.gml,Contiene geometrie invalide,9074,3
D712_FORMIGLIANA_ple.gml,Contiene geometrie invalide,1817,1
D725_FORNO CANAVESE_ple.gml,Valido,16832,0
D742_FOSSANO_ple.gml,Valido,25455,0
D751_FRABOSA SOPRANA_ple.gml,Valido,15442,0
D752_FRABOSA SOTTANA_ple.gml,Valido,10250,0
D759_FRANCAVILLA BISIO_ple.gml,Valido,1846,0
D770_FRASCARO_ple.gml,Valido,1799,0
D777_FRASSINELLO MONFERRATO_ple.gml,Valido,3072,0
D780_FRASSINETO PO_ple.gml,Valido,6412,0
D781_FRASSINETTO_ple.gml,Contiene geometrie invalide,14098,1
D782_FRASSINO_ple.gml,Valido,11463,0
D797_FRESONARA_ple.gml,Valido,2795,0
D802_FRINCO_ple.gml,Valido,4332,0
D805_FRONT_ple.gml,Valido,8115,0
D812_FROSSASCO_ple.gml,Valido,7340,0
D813_FRUGAROLO_ple.gml,Valido,5323,0
D814_FUBINE_ple.gml,Valido,8723,0
D835_GABIANO_ple.gml,Valido,7693,0
D848_GAGLIANICO_ple.gml,Valido,3233,0
D856_GAIOLA_ple.gml,Valido,3149,0
D872_GALLIATE_ple.gml,Contiene geometrie invalide,23069,1
D890_GAMALERO_ple.gml,Valido,3915,0
D894_GAMBASCA_ple.gml,Valido,3103,0
D910_GARBAGNA_ple.gml,Valido,7204,0
D911_GARBAGNA NOVARESE_ple.gml,Valido,1683,0
D920_GARESSIO_ple.gml,Valido,35882,0
D921_GARGALLO_ple.gml,Valido,3571,0
D931_GARZIGLIANA_ple.gml,Valido,2676,0
D933_GASSINO TORINESE_ple.gml,Valido,10195,0
D938_GATTINARA_ple.gml,Valido,27112,0
D944_GAVI_ple.gml,Contiene geometrie invalide,17504,2
D967_GENOLA_ple.gml,Valido,2951,0
D983_GERMAGNANO_ple.gml,Valido,5817,0
D984_GERMAGNO_ple.gml,Valido,2006,0
E001_GHEMME_ple.gml,Valido,13602,0
E003_GHIFFA_ple.gml,Valido,6197,0
E007_GHISLARENGO_ple.gml,Valido,4616,0
E009_GIAGLIONE_ple.gml,Valido,15654,0
E015_GIAROLE_ple.gml,Valido,1231,0
E020_GIAVENO_ple.gml,Contiene geometrie invalide,43291,1
E024_GIFFLENGA_ple.gml,Valido,878,0
E028_GIGNESE_ple.gml,Valido,6151,0
E067_GIVOLETTO_ple.gml,Valido,5666,0
E111_GORZEGNO_ple.gml,Valido,5211,0
E115_GOTTASECCA_ple.gml,Valido,4891,0
E118_GOVONE_ple.gml,Valido,10405,0
E120_GOZZANO_ple.gml,Valido,9048,0
E130_GRAGLIA_ple.gml,Contiene geometrie invalide,7969,2
E134_GRANA_ple.gml,Valido,3227,0
E143_GRANOZZO CON MONTICELLO_ple.gml,Valido,3147,0
E153_GRAVELLONA TOCE_ple.gml,Valido,7404,0
E154_GRAVERE_ple.gml,Valido,14687,0
E159_GRAZZANO BADOGLIO_ple.gml,Valido,3909,0
E163_GREGGIO_ple.gml,Valido,2620,0
E164_GREMIASCO_ple.gml,Valido,7094,0
E177_GRIGNASCO_ple.gml,Valido,11327,0
E182_GRINZANE CAVOUR_ple.gml,Valido,2115,0
E188_GROGNARDO_ple.gml,Valido,4193,0
E191_GRONDONA_ple.gml,Contiene geometrie invalide,11368,1
E199_GROSCAVALLO_ple.gml,Valido,7374,0
E203_GROSSO_ple.gml,Valido,4138,0
E216_GRUGLIASCO_ple.gml,Valido,7203,0
E237_GUARDABOSONE_ple.gml,Valido,5096,0
E251_GUARENE_ple.gml,Valido,8132,0
E255_GUAZZORA_ple.gml,Valido,900,0
E269_GURRO_ple.gml,Valido,7733,0
E282_IGLIANO_ple.gml,Valido,1899,0
E295_INCISA SCAPACCINO_ple.gml,Valido,9764,0
E301_INGRIA_ple.gml,Valido,9980,0
E304_INTRAGNA_ple.gml,Valido,12018,0
E311_INVERSO PINASCA_ple.gml,Valido,6453,0
E314_INVORIO_ple.gml,Contiene geometrie invalide,15113,1
E327_ISASCA_ple.gml,Valido,2355,0
E338_ISOLA D`ASTI_ple.gml,Contiene geometrie invalide,7542,1
E345_ISOLABELLA_ple.gml,Valido,1462,0
E360_ISOLA SANT`ANTONIO_ple.gml,Valido,3890,0
E368_ISSIGLIO_ple.gml,Valido,3365,0
E379_IVREA_ple.gml,Valido,21890,0
E394_LA CASSA_ple.gml,Valido,4354,0
E406_LAGNASCO_ple.gml,Valido,2925,0
E423_LA LOGGIA_ple.gml,Valido,5381,0
E430_LA MORRA_ple.gml,Valido,12306,0
E433_LAMPORO_ple.gml,Valido,2017,0
E436_LANDIONA_ple.gml,Valido,2014,0
E445_LANZO TORINESE_ple.gml,Valido,8514,0
E484_LAURIANO_ple.gml,Valido,8109,0
E518_LEINI_ple.gml,Valido,11406,0
E520_LEMIE_ple.gml,Valido,16486,0
E528_LENTA_ple.gml,Valido,6931,0
E539_LEQUIO TANARO_ple.gml,Valido,6253,0
E540_LEQUIO BERRIA_ple.gml,Valido,5061,0
E543_LERMA_ple.gml,Valido,4749,0
E544_LESA_ple.gml,Valido,7484,0
E546_LESEGNO_ple.gml,Valido,9754,0
E551_LESSOLO_ple.gml,Valido,7785,0
E564_LEVICE_ple.gml,Valido,5638,0
E566_LEVONE_ple.gml,Valido,5525,0
E583_LIGNANA_ple.gml,Contiene geometrie invalide,1425,1
E597_LIMONE PIEMONTE_ple.gml,Valido,14415,0
E615_LISIO_ple.gml,Valido,2727,0
E626_LIVORNO FERRARIS_ple.gml,Valido,8437,0
E633_LOAZZOLO_ple.gml,Valido,4835,0
E635_LOCANA_ple.gml,Valido,35589,0
E660_LOMBARDORE_ple.gml,Valido,5370,0
E661_LOMBRIASCO_ple.gml,Valido,3053,0
E683_LORANZE`_ple.gml,Valido,3988,0
E685_LOREGLIA_ple.gml,Valido,4228,0
E711_LOZZOLO_ple.gml,Valido,7162,0
E758_LUSERNA SAN GIOVANNI_ple.gml,Valido,10371,0
E759_LUSERNETTA_ple.gml,Valido,3043,0
E763_LUSIGLIE`_ple.gml,Valido,2608,0
E782_MACELLO_ple.gml,Valido,3778,0
E789_MACRA_ple.gml,Valido,5071,0
E790_MACUGNAGA_ple.gml,Contiene geometrie invalide,8340,2
E795_MADONNA DEL SASSO_ple.gml,Valido,5560,0
E803_MAGGIORA_ple.gml,Valido,7201,0
E808_MAGLIANO ALPI_ple.gml,Contiene geometrie invalide,9371,1
E809_MAGLIANO ALFIERI_ple.gml,Valido,5977,0
E817_MAGLIONE_ple.gml,Valido,4123,0
E821_MAGNANO_ple.gml,Valido,8571,0
E853_MALESCO_ple.gml,Valido,12347,0
E870_MALVICINO_ple.gml,Valido,1792,0
E880_MANDELLO VITTA_ple.gml,Valido,1133,0
E887_MANGO_ple.gml,Valido,9158,0
E894_MANTA_ple.gml,Valido,3880,0
E907_MARANO TICINO_ple.gml,Valido,4009,0
E917_MARANZANA_ple.gml,Valido,2202,0
E939_MARENE_ple.gml,Valido,5002,0
E941_MARENTINO_ple.gml,Valido,5000,0
E944_MARETTO_ple.gml,Valido,2687,0
E945_MARGARITA_ple.gml,Valido,3202,0
E963_MARMORA_ple.gml,Valido,3736,0
E973_MARSAGLIA_ple.gml,Valido,5331,0
E988_MARTINIANA PO_ple.gml,Valido,5559,0
F010_MASERA_ple.gml,Valido,13804,0
F015_MASIO_ple.gml,Contiene geometrie invalide,7197,1
F037_MASSAZZA_ple.gml,Valido,1543,0
F041_MASSELLO_ple.gml,Valido,8010,0
F042_MASSERANO_ple.gml,Valido,20663,0
F047_MASSINO VISCONTI_ple.gml,Valido,6410,0
F048_MASSIOLA_ple.gml,Valido,1673,0
F053_MATHI_ple.gml,Valido,5236,0
F058_MATTIE_ple.gml,Valido,16545,0
F067_MAZZE`_ple.gml,Valido,15644,0
F074_MEANA DI SUSA_ple.gml,Valido,9548,0
F093_MEINA_ple.gml,Valido,5596,0
F096_MELAZZO_ple.gml,Valido,6930,0
F114_MELLE_ple.gml,Valido,12419,0
F131_MERANA_ple.gml,Valido,3054,0
F140_MERCENASCO_ple.gml,Valido,12201,0
F146_MERGOZZO_ple.gml,Valido,10266,0
F167_MEZZANA MORTIGLIENGO_ple.gml,Valido,5877,0
F182_MEZZENILE_ple.gml,Valido,12010,0
F188_MEZZOMERICO_ple.gml,Valido,5553,0
F189_MIAGLIANO_ple.gml,Valido,1178,0
F191_MIASINO_ple.gml,Valido,2869,0
F192_MIAZZINA_ple.gml,Valido,6318,0
F232_MIRABELLO MONFERRATO_ple.gml,Valido,4379,0
F254_MOASCA_ple.gml,Valido,1946,0
F279_MOIOLA_ple.gml,Valido,4886,0
F281_MOLARE_ple.gml,Contiene geometrie invalide,6718,2
F293_MOLINO DEI TORTI_ple.gml,Valido,1313,0
F297_MOLLIA_ple.gml,Valido,2807,0
F308_MOMBALDONE_ple.gml,Valido,3410,0
F309_MOMBARCARO_ple.gml,Valido,8117,0
F311_MOMBARUZZO_ple.gml,Valido,8903,0
F312_MOMBASIGLIO_ple.gml,Valido,5808,0
F313_MOMBELLO MONFERRATO_ple.gml,Valido,8358,0
F315_MOMBELLO DI TORINO_ple.gml,Valido,2282,0
F316_MOMBERCELLI_ple.gml,Valido,8684,0
F317_MOMO_ple.gml,Valido,6430,0
F318_MONPANTERO_ple.gml,Valido,21500,0
F320_MOMPERONE_ple.gml,Valido,2850,0
F323_MONALE_ple.gml,Valido,4195,0
F325_MONASTERO BORMIDA_ple.gml,Valido,5766,0
F326_MONASTERO DI VASCO_ple.gml,Valido,9361,0
F327_MONASTERO DI LANZO_ple.gml,Valido,19479,0
F329_MONASTEROLO CASOTTO_ple.gml,Valido,2236,0
F330_MONASTEROLO SAVIGLIANO_ple.gml,Valido,2745,0
F335_MONCALIERI_ple.gml,Valido,25503,0
F336_MONCALVO_ple.gml,Valido,5866,0
F337_MONCESTINO_ple.gml,Valido,2435,0
F338_MONCHIERO_ple.gml,Valido,2325,0
F342_MONCRIVELLO_ple.gml,Valido,10036,0
F343_MONCUCCO TORINESE_ple.gml,Valido,6606,0
F351_MONDOVI`_ple.gml,Contiene geometrie invalide,39325,2
F355_MONESIGLIO_ple.gml,Valido,5258,0
F358_MONFORTE D`ALBA_ple.gml,Valido,10984,0
F361_MONGARDINO_ple.gml,Valido,3979,0
F365_MONGIARDINO LIGURE_ple.gml,Valido,15667,0
F369_MONGRANDO_ple.gml,Contiene geometrie invalide,13489,1
F374_MONLEALE_ple.gml,Valido,3491,0
F385_MONTA_ple.gml,Contiene geometrie invalide,19472,1
F386_MONTABONE_ple.gml,Valido,3373,0
F387_MONTACUTO_ple.gml,Valido,11838,0
F390_MONTAFIA_ple.gml,Valido,7028,0
F403_MONTALDEO_ple.gml,Valido,2255,0
F404_MONTALDO BORMIDA_ple.gml,Valido,3243,0
F405_MONTALDO DI MONDOVI_ple.gml,Valido,12955,0
F407_MONTALDO TORINESE_ple.gml,Valido,2660,0
F408_MONTALDO ROERO_ple.gml,Valido,7239,0
F409_MONTALDO SCARAMPI_ple.gml,Valido,4346,0
F411_MONTALENGHE_ple.gml,Valido,5369,0
F420_MONTALTO DORA_ple.gml,Valido,6938,0
F422_MONTANARO_ple.gml,Valido,10923,0
F424_MONTANERA_ple.gml,Valido,2351,0
F455_MONTECASTELLO_ple.gml,Valido,2080,0
F468_MONTECHIARO D`ASTI_ple.gml,Valido,5126,0
F469_MONTECHIARO D`ACQUI_ple.gml,Valido,4227,0
F483_MONTECRESTESE_ple.gml,Valido,24937,0
F518_MONTEGIOCO_ple.gml,Valido,2175,0
F527_MONTEGROSSO D`ASTI_ple.gml,Contiene geometrie invalide,9341,1
F550_MONTELUPO ALBESE_ple.gml,Valido,3304,0
F556_MONTEMAGNO MONFERRATO_ple.gml,Contiene geometrie invalide,7678,1
F558_MONTEMALE DI CUNEO_ple.gml,Valido,6298,0
F562_MONTEMARZINO_ple.gml,Valido,4224,0
F608_MONTEROSSO GRANA_ple.gml,Valido,15922,0
F639_MONTESCHENO_ple.gml,Valido,16056,0
F651_MONTEU DA PO_ple.gml,Valido,3831,0
F654_MONTEU ROERO_ple.gml,Valido,13229,0
F666_MONTEZEMOLO_ple.gml,Valido,3567,0
F669_MONTICELLO D`ALBA_ple.gml,Valido,6483,0
F707_MORANO SUL PO_ple.gml,Contiene geometrie invalide,5405,1
F713_MORBELLO_ple.gml,Valido,6857,0
F723_MORETTA_ple.gml,Valido,6066,0
F733_MORIONDO TORINESE_ple.gml,Valido,3964,0
F737_MORNESE_ple.gml,Valido,3896,0
F743_MOROZZO_ple.gml,Valido,4600,0
F751_MORSASCO_ple.gml,Valido,2921,0
F774_MOTTA DEI CONTI_ple.gml,Contiene geometrie invalide,3463,1
F776_MOTTALCIATA_ple.gml,Valido,8860,0
F809_MURAZZANO_ple.gml,Valido,9671,0
F811_MURELLO_ple.gml,Valido,3019,0
F814_MURISENGO_ple.gml,Contiene geometrie invalide,7421,1
F833_MUZZANO_ple.gml,Valido,2150,0
F846_NARZOLE_ple.gml,Contiene geometrie invalide,10181,1
F859_NEBBIUNO_ple.gml,Valido,6588,0
F863_NEIVE_ple.gml,Valido,10993,0
F878_NETRO_ple.gml,Valido,6344,0
F883_NEVIGLIE_ple.gml,Valido,3098,0
F886_NIBBIOLA_ple.gml,Valido,1727,0
F889_NICHELINO_ple.gml,Valido,9855,0
F894_NIELLA BELBO_ple.gml,Valido,3714,0
F895_NIELLA TANARO_ple.gml,Valido,12505,0
F902_NIZZA MONFERRATO_ple.gml,Valido,12357,0
F906_NOASCA_ple.gml,Valido,9083,0
F925_NOLE_ple.gml,Valido,8352,0
F927_NOMAGLIO_ple.gml,Valido,2194,0
F931_NONE_ple.gml,Valido,8083,0
F932_NONIO_ple.gml,Valido,3130,0
F948_NOVALESA_ple.gml,Valido,9651,0
F952_NOVARA_ple.gml,Contiene geometrie invalide,37425,1
F961_NOVELLO_ple.gml,Valido,5410,0
F965_NOVI LIGURE_ple.gml,Contiene geometrie invalide,16042,1
F972_NUCETTO_ple.gml,Contiene geometrie invalide,4934,1
F992_OCCHIEPPO INFERIORE_ple.gml,Valido,3599,0
F993_OCCHIEPPO SUPERIORE_ple.gml,Valido,2975,0
F995_OCCIMIANO_ple.gml,Valido,5076,0
F997_ODALENGO GRANDE_ple.gml,Contiene geometrie invalide,5715,1
F998_ODALENGO PICCOLO_ple.gml,Valido,3543,0
G007_OGGEBBIO_ple.gml,Valido,10249,0
G010_OGLIANICO_ple.gml,Valido,3907,0
G016_OLCENENGO_ple.gml,Valido,1982,0
G018_OLDENICO_ple.gml,Valido,1257,0
G019_OLEGGIO_ple.gml,Valido,16231,0
G020_OLEGGIO CASTELLO_ple.gml,Valido,3179,0
G042_OLIVOLA_ple.gml,Valido,989,0
G048_OLMO GENTILE_ple.gml,Valido,1799,0
G062_OMEGNA_ple.gml,Valido,14649,0
G066_ONCINO_ple.gml,Valido,15940,0
G087_ORBASSANO_ple.gml,Contiene geometrie invalide,9258,1
G109_ORIO CANAVESE_ple.gml,Valido,5753,0
G114_ORMEA_ple.gml,Valido,45716,0
G117_ORNAVASSO_ple.gml,Valido,13770,0
G124_ORSARA BORMIDA_ple.gml,Valido,3133,0
G134_ORTA SAN GIULIO_ple.gml,Valido,2360,0
G151_OSASCO_ple.gml,Valido,2360,0
G152_OSASIO_ple.gml,Valido,2045,0
G183_OSTANA_ple.gml,Valido,10884,0
G193_OTTIGLIO_ple.gml,Valido,5138,0
G196_OULX_ple.gml,Valido,28790,0
G197_OVADA_ple.gml,Valido,10899,0
G199_OVIGLIO_ple.gml,Valido,6176,0
G202_OZEGNA_ple.gml,Valido,3235,0
G204_OZZANO MONFERRATO_ple.gml,Valido,4144,0
G215_PADERNA_ple.gml,Valido,1629,0
G228_PAESANA_ple.gml,Valido,43048,0
G240_PAGNO_ple.gml,Valido,3098,0
G262_PALAZZO CANAVESE_ple.gml,Valido,3956,0
G266_PALAZZOLO VERCELLESE_ple.gml,Valido,6656,0
G280_PALLANZENO_ple.gml,Valido,2509,0
G302_PAMPARATO_ple.gml,Valido,10766,0
G303_PANCALIERI_ple.gml,Valido,4955,0
G330_PARELLA_ple.gml,Valido,2196,0
G334_PARETO_ple.gml,Valido,10080,0
G338_PARODI LIGURE_ple.gml,Valido,9276,0
G339_PAROLDO_ple.gml,Valido,4836,0
G349_PARUZZARO_ple.gml,Valido,4929,0
G358_PASSERANO MARMORITO_ple.gml,Valido,6877,0
G367_PASTURANA_ple.gml,Valido,2575,0
G387_PAVAROLO_ple.gml,Valido,2707,0
G392_PAVONE CANAVESE_ple.gml,Valido,13526,0
G397_PECETTO DI VALENZA_ple.gml,Valido,3852,0
G398_PECETTO TORINESE_ple.gml,Valido,4911,0
G421_PELLA_ple.gml,Valido,3135,0
G430_PENANGO_ple.gml,Valido,3241,0
G457_PERLETTO_ple.gml,Valido,3349,0
G458_PERLO_ple.gml,Valido,3245,0
G462_PEROSA CANAVESE_ple.gml,Valido,3001,0
G463_PEROSA ARGENTINA_ple.gml,Valido,15569,0
G465_PERRERO_ple.gml,Valido,38404,0
G471_PERTENGO_ple.gml,Valido,1853,0
G477_PERTUSIO_ple.gml,Valido,4589,0
G505_PESSINETTO_ple.gml,Valido,6357,0
G520_PETTENASCO_ple.gml,Valido,3082,0
G521_PETTINENGO_ple.gml,Valido,6601,0
G526_PEVERAGNO_ple.gml,Valido,21962,0
G528_PEZZANA_ple.gml,Contiene geometrie invalide,4510,1
G532_PEZZOLO VALLE UZZONE_ple.gml,Valido,6841,0
G559_PIANEZZA_ple.gml,Valido,7500,0
G561_PIANFEI_ple.gml,Valido,8056,0
G575_PIASCO_ple.gml,Valido,5524,0
G577_PIATTO_ple.gml,Valido,2578,0
G593_PIEA_ple.gml,Valido,4536,0
G594_PIEDICAVALLO_ple.gml,Valido,6413,0
G600_PIEDIMULERA_ple.gml,Valido,5595,0
G619_PIETRA MARAZZI_ple.gml,Valido,2826,0
G625_PIETRAPORZIO_ple.gml,Valido,3741,0
G658_PIEVE VERGONTE_ple.gml,Valido,14335,0
G666_PILA_ple.gml,Valido,3168,0
G672_PINASCA_ple.gml,Valido,20371,0
G674_PINEROLO_ple.gml,Valido,22150,0
G676_PINO D`ASTI_ple.gml,Valido,2628,0
G678_PINO TORINESE_ple.gml,Valido,9578,0
G683_PIOBESI D`ALBA_ple.gml,Valido,2090,0
G684_PIOBESI TORINESE_ple.gml,Valido,6183,0
G685_PIODE_ple.gml,Valido,2750,0
G691_PIOSSASCO_ple.gml,Valido,14853,0
G692_PIOVA MASSAIA_ple.gml,Valido,6679,0
G697_PIOZZO_ple.gml,Valido,7019,0
G703_PISANO_ple.gml,Valido,2715,0
G705_PISCINA_ple.gml,Valido,4645,0
G719_PIVERONE_ple.gml,Valido,6732,0
G742_POCAPAGLIA_ple.gml,Valido,8539,0
G775_POGNO_ple.gml,Valido,5294,0
G777_POIRINO_ple.gml,Valido,15833,0
G798_POLLONE_ple.gml,Valido,4217,0
G800_POLONGHERA_ple.gml,Valido,2804,0
G805_POMARETTO_ple.gml,Valido,8672,0
G807_POMARO MONFERRATO_ple.gml,Valido,3548,0
G809_POMBIA_ple.gml,Valido,4921,0
G820_PONDERANO_ple.gml,Valido,4825,0
G826_PONT CANAVESE_ple.gml,Valido,19466,0
G837_PONTECHIANALE_ple.gml,Valido,11142,0
G839_PONTECURONE_ple.gml,Valido,5496,0
G858_PONTESTURA_ple.gml,Valido,7298,0
G861_PONTI_ple.gml,Valido,4365,0
G872_PONZANO MONFERRATO_ple.gml,Valido,4052,0
G877_PONZONE_ple.gml,Valido,15274,0
G894_PORTACOMARO_ple.gml,Valido,6071,0
G900_PORTE_ple.gml,Valido,3401,0
G927_PORTULA_ple.gml,Valido,5239,0
G940_POSTUA_ple.gml,Valido,7745,0
G960_POZZOL GROPPO_ple.gml,Contiene geometrie invalide,4300,1
G961_POZZOLO FORMIGARO_ple.gml,Valido,8877,0
G970_PRADLEVES_ple.gml,Contiene geometrie invalide,6203,1
G973_PRAGELATO_ple.gml,Valido,21149,0
G974_PRAY_ple.gml,Valido,13631,0
G978_PRALI_ple.gml,Valido,20098,0
G979_PRALORMO_ple.gml,Valido,8853,0
G980_PRALUNGO_ple.gml,Valido,4947,0
G982_PRAMOLLO_ple.gml,Valido,9794,0
G985_PRAROLO_ple.gml,Valido,1953,0
G986_PRAROSTINO_ple.gml,Valido,8274,0
G987_PRASCO_ple.gml,Valido,2742,0
G988_PRASCORSANO_ple.gml,Valido,7983,0
G997_PRATIGLIONE_ple.gml,Valido,6903,0
H001_PRATO SESIA_ple.gml,Valido,7346,0
H011_PRAZZO_ple.gml,Valido,8510,0
H021_PREDOSA_ple.gml,Valido,10814,0
H030_PREMENO_ple.gml,Valido,8239,0
H033_PREMIA_ple.gml,Valido,17457,0
H037_PREMOSELLO CHIOVENDA_ple.gml,Valido,12035,0
H059_PRIERO_ple.gml,Valido,6988,0
H068_PRIOCCA_ple.gml,Valido,7382,0
H069_PRIOLA_ple.gml,Valido,9841,0
H085_PRUNETTO_ple.gml,Contiene geometrie invalide,6626,1
H100_QUAGLIUZZO_ple.gml,Valido,2371,0
H102_QUARANTI_ple.gml,Valido,1297,0
H104_QUARGNENTO_ple.gml,Valido,8629,0
H106_QUARNA SOPRA_ple.gml,Valido,5630,0
H107_QUARNA SOTTO_ple.gml,Valido,4682,0
H108_QUARONA_ple.gml,Valido,8483,0
H120_QUASSOLO_ple.gml,Valido,3531,0
H121_QUATTORDIO_ple.gml,Valido,7052,0
H127_QUINCINETTO_ple.gml,Valido,6199,0
H132_QUINTO VERCELLESE_ple.gml,Valido,903,0
H150_RACCONIGI_ple.gml,Valido,9334,0
H188_RASSA_ple.gml,Valido,4529,0
H203_RE_ple.gml,Valido,12786,0
H207_REANO_ple.gml,Valido,5153,0
H213_RECETTO_ple.gml,Valido,5264,0
H219_REFRANCORE_ple.gml,Valido,8468,0
H247_REVELLO_ple.gml,Valido,12180,0
H250_REVIGLIASCO D`ASTI_ple.gml,Valido,4707,0
H270_RIBORDONE_ple.gml,Valido,11586,0
H272_RICALDONE_ple.gml,Valido,4103,0
H285_RIFREDDO_ple.gml,Valido,3822,0
H293_RIMELLA_ple.gml,Valido,9176,0
H326_RITTANA_ple.gml,Valido,6499,0
H333_RIVALBA_ple.gml,Valido,4289,0
H334_RIVALTA BORMIDA_ple.gml,Valido,5489,0
H335_RIVALTA DI TORINO_ple.gml,Valido,11271,0
H337_RIVA PRESSO CHIERI_ple.gml,Valido,7780,0
H338_RIVARA_ple.gml,Valido,10577,0
H340_RIVAROLO CANAVESE_ple.gml,Valido,15198,0
H343_RIVARONE_ple.gml,Valido,1874,0
H344_RIVAROSSA_ple.gml,Valido,5866,0
H346_RIVE_ple.gml,Valido,1911,0
H355_RIVOLI_ple.gml,Valido,16815,0
H362_ROASCHIA_ple.gml,Valido,7408,0
H363_ROASCIO_ple.gml,Valido,3157,0
H364_ROVASENDA_ple.gml,Valido,3978,0
H365_ROASIO_ple.gml,Valido,23557,0
H366_ROATTO_ple.gml,Valido,2698,0
H367_ROBASSOMERO_ple.gml,Contiene geometrie invalide,3361,1
H376_ROBELLA_ple.gml,Valido,5451,0
H377_ROBILANTE_ple.gml,Valido,10693,0
H378_ROBURENT_ple.gml,Valido,9201,0
H385_ROCCABRUNA_ple.gml,Valido,12195,0
H386_ROCCA CANAVESE_ple.gml,Contiene geometrie invalide,16731,1
H391_ROCCA CIGLIE_ple.gml,Valido,3431,0
H392_ROCCA D`ARAZZO_ple.gml,Valido,6840,0
H395_ROCCA DE BALDI_ple.gml,Valido,6738,0
H406_ROCCAFORTE LIGURE_ple.gml,Valido,11278,0
H407_ROCCAFORTE MONDOVI_ple.gml,Valido,14233,0
H414_ROCCA GRIMALDA_ple.gml,Valido,6010,0
H447_ROCCASPARVERA_ple.gml,Valido,5629,0
H451_ROCCAVERANO_ple.gml,Valido,9868,0
H453_ROCCAVIONE_ple.gml,Valido,10986,0
H462_ROCCHETTA BELBO_ple.gml,Valido,1606,0
H465_ROCCHETTA LIGURE_ple.gml,Contiene geometrie invalide,3198,1
H466_ROCCHETTA PALAFEA_ple.gml,Valido,3523,0
H468_ROCCHETTA TANARO_ple.gml,Valido,7583,0
H472_RODDI_ple.gml,Valido,5721,0
H473_RODDINO_ple.gml,Valido,4656,0
H474_RODELLO_ple.gml,Valido,3972,0
H498_ROLETTO_ple.gml,Valido,4973,0
H502_ROMAGNANO SESIA_ple.gml,Valido,11589,0
H511_ROMANO CANAVESE_ple.gml,Valido,8296,0
H518_ROMENTINO_ple.gml,Valido,9979,0
H538_RONCO BIELLESE_ple.gml,Contiene geometrie invalide,5312,1
H539_RONCO CANAVESE_ple.gml,Valido,14534,0
H547_RONDISSONE_ple.gml,Valido,6895,0
H549_RONSECCO_ple.gml,Valido,1912,0
H553_ROPPOLO_ple.gml,Valido,4999,0
H554_RORA`_ple.gml,Valido,3054,0
H555_ROURE_ple.gml,Valido,32351,0
H561_ROSAZZA_ple.gml,Valido,4265,0
H569_ROSIGNANO MONFERRATO_ple.gml,Valido,5525,0
H577_ROSSA_ple.gml,Valido,6290,0
H578_ROSSANA_ple.gml,Valido,8149,0
H583_ROSTA_ple.gml,Valido,5312,0
H627_RUBIANA_ple.gml,Valido,23758,0
H631_RUEGLIO_ple.gml,Valido,8345,0
H633_RUFFIA_ple.gml,Valido,950,0
H662_SAGLIANO MICCA_ple.gml,Valido,6628,0
H677_SALA MONFERRATO_ple.gml,Valido,2587,0
H681_SALA BIELLESE_ple.gml,Valido,6153,0
H684_SALBERTRAND_ple.gml,Valido,10689,0
H690_SALASCO_ple.gml,Valido,557,0
H691_SALASSA_ple.gml,Valido,4579,0
H694_SALE_ple.gml,Valido,8889,0
H695_SALE DELLE LANGHE_ple.gml,Valido,5216,0
H702_SALERANO CANAVESE_ple.gml,Valido,1729,0
H704_SALE SAN GIOVANNI_ple.gml,Valido,3216,0
H707_SALI VERCELLESE_ple.gml,Valido,434,0
H710_SALICETO_ple.gml,Valido,9397,0
H716_SALMOUR_ple.gml,Valido,3379,0
H725_SALUGGIA_ple.gml,Valido,9715,0
H726_SALUSSOLA_ple.gml,Valido,7566,0
H727_SALUZZO_ple.gml,Valido,16527,0
H734_SALZA DI PINEROLO_ple.gml,Valido,4489,0
H746_SAMBUCO_ple.gml,Valido,5386,0
H753_SAMONE_ple.gml,Valido,3560,0
H755_SAMPEYRE_ple.gml,Valido,50566,0
H770_SAN BENEDETTO BELBO_ple.gml,Valido,1848,0
H775_SAN BENIGNO CANAVESE_ple.gml,Valido,10565,0
H777_SAN BERNARDINO VERBANO_ple.gml,Valido,12133,0
H789_SAN CARLO CANAVESE_ple.gml,Valido,12411,0
H804_SAN COLOMBANO BELMONTE_ple.gml,Valido,3016,0
H810_SAN CRISTOFORO_ple.gml,Valido,2481,0
H811_SAN DAMIANO D`ASTI_ple.gml,Valido,29706,0
H812_SAN DAMIANO MACRA_ple.gml,Valido,17698,0
H820_SAN DIDERO_ple.gml,Valido,3139,0
H821_SANDIGLIANO_ple.gml,Valido,4217,0
H847_SAN FRANCESCO AL CAMPO_ple.gml,Valido,7991,0
H851_SANFRE_ple.gml,Valido,6452,0
H852_SANFRONT_ple.gml,Valido,26556,0
H855_SANGANO_ple.gml,Valido,3678,0
H861_SAN GERMANO VERCELLESE_ple.gml,Valido,3592,0
H862_SAN GERMANO CHISONE_ple.gml,Valido,9797,0
H873_SAN GILLIO_ple.gml,Valido,4550,0
H878_SAN GIORGIO MONFERRATO_ple.gml,Valido,2256,0
H890_SAN GIORGIO CANAVESE_ple.gml,Valido,10930,0
H899_SAN GIORGIO SCARAMPI_ple.gml,Valido,2257,0
H900_SAN GIORIO DI SUSA_ple.gml,Contiene geometrie invalide,13828,1
H936_SAN GIUSTO CANAVESE_ple.gml,Valido,6445,0
H987_SAN MARTINO ALFIERI_ple.gml,Valido,3494,0
H997_SAN MARTINO CANAVESE_ple.gml,Valido,10326,0
I017_SAN MARZANO OLIVETO_ple.gml,Valido,4278,0
I024_SAN MAURIZIO CANAVESE_ple.gml,Valido,8513,0
I025_SAN MAURIZIO D OPAGLIO_ple.gml,Valido,5173,0
I030_SAN MAURO TORINESE_ple.gml,Valido,9772,0
I037_SAN MICHELE MONDOVI`_ple.gml,Valido,10698,0
I052_SAN NAZZARO SESIA_ple.gml,Valido,2680,0
I076_SAN PAOLO SOLBRITO_ple.gml,Contiene geometrie invalide,5278,1
I090_SAN PIETRO VAL LEMINA_ple.gml,Valido,8578,0
I116_SAN PIETRO MOSEZZO_ple.gml,Valido,5442,0
I126_SAN PONSO_ple.gml,Valido,1667,0
I137_SAN RAFFAELE CIMENA_ple.gml,Valido,5306,0
I144_S SALVATORE MONFERRATO_ple.gml,Contiene geometrie invalide,11536,2
I150_SAN SEBASTIANO CURONE_ple.gml,Valido,1799,0
I152_SAN SEBASTIANO DA PO_ple.gml,Valido,9220,0
I154_SAN SECONDO DI PINEROLO_ple.gml,Valido,6961,0
I190_SANT`AGATA FOSSILI_ple.gml,Valido,3214,0
I210_SANT`ALBANO STURA_ple.gml,Valido,5685,0
I249_SANTA MARIA MAGGIORE_ple.gml,Contiene geometrie invalide,8774,1
I258_SANT`AMBROGIO DI TORINO_ple.gml,Valido,5441,0
I296_SANT`ANTONINO DI SUSA_ple.gml,Valido,5395,0
I316_SANTA VITTORIA D`ALBA_ple.gml,Valido,5650,0
I327_SANTENA_ple.gml,Valido,7839,0
I337_SANTHIA`_ple.gml,Valido,7847,0
I367_SANTO STEFANO BELBO_ple.gml,Valido,12920,0
I372_SANTO STEFANO ROERO_ple.gml,Valido,10596,0
I429_SARDIGLIANO_ple.gml,Valido,5814,0
I432_SAREZZANO_ple.gml,Valido,5039,0
I465_SAUZE DI CESANA_ple.gml,Valido,19894,0
I466_SAUZE D`OULX_ple.gml,Contiene geometrie invalide,10533,1
I470_SAVIGLIANO_ple.gml,Contiene geometrie invalide,18137,1
I484_SCAGNELLO_ple.gml,Valido,3187,0
I490_SCALENGHE_ple.gml,Valido,7432,0
I511_SCARMAGNO_ple.gml,Valido,6116,0
I512_SCARNAFIGI_ple.gml,Valido,4682,0
I539_SCIOLZE_ple.gml,Valido,4905,0
I544_SCOPA_ple.gml,Valido,5378,0
I545_SCOPELLO_ple.gml,Contiene geometrie invalide,4770,1
I555_SCURZOLENGO_ple.gml,Valido,3407,0
I637_SEROLE_ple.gml,Valido,3065,0
I645_SERRALUNGA DI CREA_ple.gml,Valido,3362,0
I646_SERRALUNGA D`ALBA_ple.gml,Valido,3382,0
I657_SERRAVALLE SCRIVIA_ple.gml,Valido,6320,0
I659_SERRAVALLE LANGHE_ple.gml,Valido,3837,0
I663_SERRAVALLE SESIA_ple.gml,Valido,17820,0
I678_SESSAME_ple.gml,Contiene geometrie invalide,3437,1
I692_SESTRIERE_ple.gml,Valido,10569,0
I698_SETTIME_ple.gml,Valido,3712,0
I701_SETTIMO ROTTARO_ple.gml,Valido,5134,0
I702_SETTIMO VITTONE_ple.gml,Valido,9154,0
I703_SETTIMO TORINESE_ple.gml,Valido,18626,0
I711_SEZZADIO_ple.gml,Valido,8805,0
I736_SILLAVENGO_ple.gml,Valido,2884,0
I738_SILVANO D`ORBA_ple.gml,Valido,7602,0
I750_SINIO_ple.gml,Valido,4094,0
I767_SIZZANO_ple.gml,Valido,6552,0
I781_SOGLIO_ple.gml,Valido,1926,0
I798_SOLERO_ple.gml,Valido,8072,0
I808_SOLONGHELLO_ple.gml,Valido,1966,0
I817_SOMANO_ple.gml,Valido,5045,0
I822_SOMMARIVA DEL BOSCO_ple.gml,Valido,13583,0
I823_SOMMARIVA PERNO_ple.gml,Valido,9903,0
I847_SORDEVOLO_ple.gml,Contiene geometrie invalide,2750,1
I857_SORISO_ple.gml,Valido,3646,0
I868_SOSTEGNO_ple.gml,Valido,8698,0
I880_SOZZAGO_ple.gml,Contiene geometrie invalide,2065,1
I886_SPARONE_ple.gml,Valido,15023,0
I901_SPIGNO MONFERRATO_ple.gml,Valido,18139,0
I911_SPINETO SCRIVIA_ple.gml,Valido,1671,0
I941_STAZZANO_ple.gml,Valido,7267,0
I969_STRAMBINELLO_ple.gml,Valido,2144,0
I970_STRAMBINO_ple.gml,Contiene geometrie invalide,15488,1
I976_STRESA_ple.gml,Valido,12348,0
I977_STREVI_ple.gml,Valido,6201,0
I980_STRONA_ple.gml,Valido,5752,0
I984_STROPPIANA_ple.gml,Contiene geometrie invalide,4370,1
I985_STROPPO_ple.gml,Valido,7371,0
L007_SUNO_ple.gml,Valido,9932,0
L013_SUSA_ple.gml,Valido,15951,0
L027_TAGLIOLO MONFERRATO_ple.gml,Valido,5840,0
L048_TARANTASCA_ple.gml,Valido,3601,0
L059_TASSAROLO_ple.gml,Valido,3389,0
L066_TAVAGNASCO_ple.gml,Valido,4543,0
L075_TAVIGLIANO_ple.gml,Valido,4525,0
L104_TERDOBBIATE_ple.gml,Valido,1110,0
L116_TERNENGO_ple.gml,Valido,2291,0
L139_TERRUGGIA_ple.gml,Valido,2099,0
L143_TERZO_ple.gml,Valido,3470,0
L165_TICINETO_ple.gml,Contiene geometrie invalide,3457,1
L168_TIGLIOLE D`ASTI_ple.gml,Valido,9992,0
L187_TOCENO_ple.gml,Valido,3949,0
L193_TOLLEGNO_ple.gml,Valido,3639,0
L203_TONCO_ple.gml,Valido,5085,0
L219_TORINO_ple.gml,Valido,82427,0
L223_TORNACO_ple.gml,Valido,2390,0
L238_TORRAZZA PIEMONTE_ple.gml,Valido,4460,0
L239_TORRAZZO_ple.gml,Valido,4565,0
L241_TORRE MONDOVI_ple.gml,Valido,5769,0
L247_TORRE CANAVESE_ple.gml,Valido,5413,0
L252_TORRE BORMIDA_ple.gml,Valido,2474,0
L277_TORRE PELLICE_ple.gml,Valido,9649,0
L278_TORRE SAN GIORGIO_ple.gml,Valido,1571,0
L281_TORRESINA_ple.gml,Valido,1647,0
L304_TORTONA_ple.gml,Valido,21539,0
L327_TRANA_ple.gml,Valido,9450,0
L333_TRAREGO VIGGIONA_ple.gml,Valido,10465,0
L336_TRASQUERA_ple.gml,Valido,6656,0
L340_TRAVES_ple.gml,Valido,5009,0
L345_TRAVERSELLA_ple.gml,Valido,6858,0
L356_TRECATE_ple.gml,Contiene geometrie invalide,13639,1
L367_TREISO_ple.gml,Valido,4588,0
L403_TREVILLE_ple.gml,Valido,1683,0
L410_TREZZO TINELLA_ple.gml,Valido,3857,0
L420_TRICERRO_ple.gml,Valido,2789,0
L427_TRINITA`_ple.gml,Valido,7795,0
L429_TRINO VERCELLESE_ple.gml,Valido,10344,0
L432_TRISOBBIO_ple.gml,Valido,3342,0
L445_TROFARELLO_ple.gml,Valido,6858,0
L450_TRONTANO_ple.gml,Valido,23794,0
L451_TRONZANO VERCELLESE_ple.gml,Valido,4973,0
L515_USSEAUX_ple.gml,Valido,19604,0
L516_USSEGLIO_ple.gml,Contiene geometrie invalide,22205,1
L531_VAGLIO SERRA_ple.gml,Valido,1956,0
L538_VAIE_ple.gml,Valido,3865,0
L555_VAL DELLA TORRE_ple.gml,Valido,13401,0
L556_VALDENGO_ple.gml,Contiene geometrie invalide,3777,1
L558_VALDIERI_ple.gml,Valido,13807,0
L566_VALDUGGIA_ple.gml,Valido,20323,0
L570_VALENZA_ple.gml,Valido,12494,0
L574_VALFENERA_ple.gml,Valido,7779,0
L578_VALGIOIE_ple.gml,Valido,5732,0
L580_VALGRANA_ple.gml,Contiene geometrie invalide,8648,1
L586_VALLANZENGO_ple.gml,Valido,1706,0
L620_VALLE SAN NICOLAO_ple.gml,Valido,6391,0
L629_VALLO TORINESE_ple.gml,Valido,2787,0
L631_VALLORIATE_ple.gml,Valido,11392,0
L633_VALMACCA_ple.gml,Valido,2909,0
L644_VALPERGA_ple.gml,Valido,9713,0
L651_VALSTRONA_ple.gml,Valido,9673,0
L666_VANZONE SAN CARLO_ple.gml,Valido,8736,0
L668_VAPRIO D`AGOGNA_ple.gml,Valido,5116,0
L669_VARALLO_ple.gml,Valido,45422,0
L670_VARALLO POMBIA_ple.gml,Valido,12971,0
L685_VARISELLA_ple.gml,Valido,6758,0
L691_VARZO_ple.gml,Valido,29894,0
L698_VAUDA CANAVESE_ple.gml,Valido,8097,0
L712_VEGLIO_ple.gml,Valido,2405,0
L726_VENAUS_ple.gml,Valido,14178,0
L727_VENARIA_ple.gml,Contiene geometrie invalide,6280,1
L729_VENASCA_ple.gml,Valido,8992,0
L746_VERBANIA_ple.gml,Valido,22575,0
L750_VERCELLI_ple.gml,Valido,15176,0
L758_VERDUNO_ple.gml,Valido,3338,0
L771_VERNANTE_ple.gml,Valido,18102,0
L779_VEROLENGO_ple.gml,Valido,9724,0
L785_VERRONE_ple.gml,Valido,1968,0
L787_VERRUA SAVOIA_ple.gml,Valido,12875,0
L804_VERZUOLO_ple.gml,Valido,9152,0
L807_VESIME_ple.gml,Valido,4625,0
L808_VESPOLATE_ple.gml,Valido,3586,0
L811_VESTIGNE`_ple.gml,Valido,7622,0
L817_VEZZA D`ALBA_ple.gml,Valido,10068,0
L829_VIALE_ple.gml,Valido,2613,0
L830_VIALFRE`_ple.gml,Valido,3752,0
L834_VIARIGI_ple.gml,Valido,7381,0
L841_VICOFORTE_ple.gml,Valido,12801,0
L847_VICOLUNGO_ple.gml,Valido,3837,0
L857_VIDRACCO_ple.gml,Valido,2315,0
L879_VIGLIANO D`ASTI_ple.gml,Valido,4158,0
L880_VIGLIANO BIELLESE_ple.gml,Valido,6077,0
L881_VIGNALE MONFERRATO_ple.gml,Valido,6068,0
L887_VIGNOLE BORBERA_ple.gml,Valido,4258,0
L888_VIGNOLO_ple.gml,Valido,5878,0
L889_VIGNONE_ple.gml,Valido,4188,0
L898_VIGONE_ple.gml,Valido,10670,0
L904_VIGUZZOLO_ple.gml,Valido,6578,0
L906_VILLADOSSOLA_ple.gml,Valido,15888,0
L931_VILLADEATI_ple.gml,Valido,6124,0
L933_VILLA DEL BOSCO_ple.gml,Valido,4956,0
L942_VILLAFALLETTO_ple.gml,Valido,7034,0
L945_VILLAFRANCA D`ASTI_ple.gml,Valido,5985,0
L948_VILLAFRANCA PIEMONTE_ple.gml,Valido,14381,0
L963_VILLALVERNIA_ple.gml,Valido,2121,0
L970_VILLAMIROGLIO_ple.gml,Valido,4857,0
L972_VILLANOVA MONFERRATO_ple.gml,Valido,5520,0
L974_VILLANOVA MONDOVI`_ple.gml,Valido,15075,0
L978_VILLANOVA BIELLESE_ple.gml,Valido,892,0
L982_VILLANOVA CANAVESE_ple.gml,Valido,2230,0
L984_VILLANOVA D`ASTI_ple.gml,Valido,12014,0
L990_VILLANOVA SOLARO_ple.gml,Valido,3084,0
L999_VILLAR DORA_ple.gml,Valido,8004,0
M002_VILLARBASSE_ple.gml,Valido,5964,0
M003_VILLARBOIT_ple.gml,Valido,3631,0
M004_VILLAREGGIA_ple.gml,Valido,5646,0
M007_VILLAR FOCCHIARDO_ple.gml,Valido,9153,0
M009_VILLAROMAGNANO_ple.gml,Valido,2270,0
M013_VILLAR PELLICE_ple.gml,Valido,12717,0
M014_VILLAR PEROSA_ple.gml,Valido,10793,0
M015_VILLAR SAN COSTANZO_ple.gml,Valido,7884,0
M019_VILLA SAN SECONDO_ple.gml,Valido,3606,0
M027_VILLASTELLONE_ple.gml,Valido,5244,0
M028_VILLATA_ple.gml,Valido,5936,0
M042_VILLETTE_ple.gml,Valido,5957,0
M055_VINADIO_ple.gml,Valido,15545,0
M058_VINCHIO_ple.gml,Valido,4252,0
M060_VINOVO_ple.gml,Valido,8784,0
M062_VINZAGLIO_ple.gml,Valido,2022,0
M063_VIOLA_ple.gml,Valido,6407,0
M069_VIRLE PIEMONTE_ple.gml,Valido,4025,0
M071_VISCHE_ple.gml,Valido,9872,0
M077_VISONE_ple.gml,Valido,6710,0
M080_VISTRORIO_ple.gml,Valido,5690,0
M094_VIU`_ple.gml,Contiene geometrie invalide,37931,1
M098_VIVERONE_ple.gml,Valido,5883,0
M106_VOCCA_ple.gml,Valido,3724,0
M111_VOGOGNA_ple.gml,Valido,7176,0
M120_VOLPEDO_ple.gml,Valido,3574,0
M121_VOLPEGLINO_ple.gml,Valido,1077,0
M122_VOLPIANO_ple.gml,Valido,16120,0
M123_VOLTAGGIO_ple.gml,Contiene geometrie invalide,5082,1
M133_VOLVERA_ple.gml,Contiene geometrie invalide,8330,1
M136_VOTTIGNASCO_ple.gml,Valido,1919,0
M179_ZIMONE_ple.gml,Valido,3327,0
M196_ZUBIENA_ple.gml,Valido,10641,0
M201_ZUMAGLIA_ple.gml,Valido,3027,0
M302_MONTIGLIO MONFERRATO_ple.gml,Valido,12444,0
M316_MAPPANO_ple.gml,Valido,3181,0
M370_BORGOMEZZAVALLE_ple.gml,Valido,13401,0
M371_LESSONA_ple.gml,Valido,10091,0
M373_CAMPIGLIA CERVO_ple.gml,Contiene geometrie invalide,17079,2
M388_CASSANO SPINOLA_ple.gml,Valido,6063,0
M389_ALTO SERMENZA_ple.gml,Valido,7787,0
M397_ALLUVIONI PIOVERA_ple.gml,Valido,5750,0
M398_CELLIO CON BREIA_ple.gml,Valido,19515,0
M404_VALLE CANNOBINA_ple.gml,Valido,29529,0
M405_VAL DI CHY_ple.gml,Valido,14876,0
M414_QUAREGNA CERRETO_ple.gml,Valido,5209,0
M415_VALCHIUSA_ple.gml,Valido,11387,0
M416_GATTICO-VERUNO_ple.gml,Valido,16588,0
M417_VALDILANA_ple.gml,Contiene geometrie invalide,35703,5
M420_LU E CUCCARO MONFERRATO_ple.gml,Valido,10304,0
M434_MORANSENGO-TONENGO_ple.gml,Valido,4506,0
